,AU,C1,PA,author.email,cited.references,DI,doc.delivery.number,eissn,SN,journal.iso,SO,keywords.plus,LA,month,number.of.cited.references,PN,orcid.numbers,PP,PU,research.areas,researcherid.numbers,times.cited,TI,DT,unique.id,usage.count..last.180.days.,usage.count.since.2013,VL,web.of.science.categories.,PY,RP,DB,JI,J9,TC,CR,AU_UN,AU1_UN,AU_UN_NR,SR_FULL,SR
wu2019,"Wu, Ping; Ata-Ul-Karim, Syed Tahir; Singh, Bhupinder Pal; Wang, Hailong; Wu, Tongliang; Liu, Cun; Fang, Guodong; Zhou, Dongmei; Wang, Yujun; Chen, Wenfu",,,,,,,,,,Biochar,,,,,,,,,,,,A scientometric review of biochar research in the past 20 years (1998-2018),,,,,1,,,,,,,,,,,,,
tu2019,"Tu, Zhineng; Ren, Xiuna; Zhao, Junchao; Awasthi, Sanjeev Kumar; Wang, Quan; Awasthi, Mukesh Kumar; Zhang, Zengqiang; Li, Ronghua",,,,,,,,,,Biochar,,,,,,,,,,,,Synergistic effects of biochar/microbial inoculation on the enhancement of pig manure composting,,,,,1,,,,,,,,,,,,,
novak2019,"Novak, Jeffrey M.; Ippolito, James A.; Watts, Donald W.; Sigua, Gilbert C.; Ducey, Thomas F.; Johnson, Mark G.",,,,,,,,,,Biochar,,,,,,,,,,,,Biochar compost blends facilitate switchgrass growth in mine soils by reducing Cd and Zn bioavailability,,,,,1,,,,,,,,,,,,,
zwieten2019,"van Zwieten, Lukas; Kimber, Stephen; Morris, Stephen; Macdonald, Lynne M.; Rust, Josh; Petty, Scott; Joseph, Stephen; Rose, Terry",,,,,,,,,,Biochar,,,,,,,,,,,,Biochar improves diary pasture yields by alleviating P and K constraints with no influence on soil respiration or N2O emissions,,,,,1,,,,,,,,,,,,,
huang2019,"Huang, Qiang; Song, Shuang; Chen, Zhe; Hu, Baowei; Chen, Jianrong; Wang, Xiangke",,,,,,,,,,Biochar,,,,,,,,,,,,Biochar-based materials and their applications in removal of organic contaminants from wastewater: state-of-the-art review,,,,,1,,,,,,,,,,,,,
zheng2019,"Zheng, Yulin; Yang, Yichen; Zhang, Yue; Zou, Weixin; Luo, Yidan; Dong, Lin; Gao, Bin",,,,,,,,,,Biochar,,,,,,,,,,,,Facile one-step synthesis of graphitic carbon nitride-modified biochar for the removal of reactive red 120 through adsorption and photocatalytic degradation,,,,,1,,,,,,,,,,,,,
chen2019,"Chen, Wenfu; Meng, Jun; Han, Xiaori; Lan, Yu; Zhang, Weiming",,,,,,,,,,Biochar,,,,,,,,,,,,"Past, present, and future of biochar",,,,,1,,,,,,,,,,,,,
palansooriya2019,"Palansooriya, Kumuduni Niroshika; Wong, James Tsz Fung; Hashimoto, Yohey; Huang, Longbin; Rinklebe, Jörg; Chang, Scott X.; Bolan, Nanthi; Wang, Hailong; Ok, Yong Sik",,,,,,,,,,Biochar,,,,,,,,,,,,Response of microbial communities to biochar-amended soils: a critical review,,,,,1,,,,,,,,,,,,,
chen2019a,"Chen, Wenfu",,,,,,,,,,Biochar,,,,,,,,,,,,Inaugural editorial: pioneering the innovation and exploring the future for biochar technology,,,,,1,,,,,,,,,,,,,
wang2019,"Wang, Shuwei; Ma, Shutan; Shan, Jun; Xia, Yongqiu; Lin, Jinghui; Yan, Xiaoyuan",,,,,,,,,,Biochar,,,,,,,,,,,,A 2-year study on the effect of biochar on methane and nitrous oxide emissions in an intensive rice-wheat cropping system,,,,,1,,,,,,,,,,,,,
wiedner2019,"Wiedner, Katja; Schimpf, Corinna; Polifka, Steven; Glaser, Bruno",,,,,,,,,,Biochar,,,,,,,,,,,,Effect of biochar fertilizers on amino acid variability of Secale cereale and Lupinus angustifolius,,,,,1,,,,,,,,,,,,,
singh2019,"Singh, Rishikesh; Singh, Pardeep; Singh, Hema; Raghubanshi, A. S.",,,,,,,,,,Biochar,,,,,,,,,,,,"Impact of sole and combined application of biochar, organic and chemical fertilizers on wheat crop yield and water productivity in a dry tropical agro-ecosystem",,,,,1,,,,,,,,,,,,,
safari2019,"Safari, Salman; von Gunten, Konstantin; Alam, Md. Samrat; Hubmann, Magdalena; Blewett, Tamzin A.; Chi, Ziyi; Alessi, Daniel S.",,,,,,,,,,Biochar,,,,,,,,,,,,Biochar colloids and their use in contaminants removal,,,,,1,,,,,,,,,,,,,
qiao2019,"Qiao, Jiangtao; Yu, Huanyun; Wang, Xiangqin; Li, Fangbai; Wang, Qi; Yuan, Yuzhen; Liu, Chuanping",,,,,,,,,,Biochar,,,,,,,,,,,,The applicability of biochar and zero-valent iron for the mitigation of arsenic and cadmium contamination in an alkaline paddy soil,,,,,1,,,,,,,,,,,,,
raiesi2019,"Raiesi, Fayez; Khadem, Allahyar",,,,,,,,,,Biochar,,,,,,,,,,,,Short-term effects of maize residue biochar on kinetic and thermodynamic parameters of soil β-glucosidase,,,,,1,,,,,,,,,,,,,
oladele2019,"Oladele, Segun; Adeyemo, Adebayo; Adegaiye, Ajoke; Awodun, Moses",,,,,,,,,,Biochar,,,,,,,,,,,,Effects of biochar amendment and nitrogen fertilization on soil microbial biomass pools in an Alfisol under rain-fed rice cultivation,,,,,1,,,,,,,,,,,,,
gunten2019,"von Gunten, Konstantin; Hubmann, Magdalena; Ineichen, Robert; Gao, Yunhai; Kurt, Konhauser O.; Alessi, Daniel S.",,,,,,,,,,Biochar,,,,,,,,,,,,Biochar-induced changes in metal mobility and uptake by perennial plants in a ferralsol of Brazil’s Atlantic forest,,,,,1,,,,,,,,,,,,,
meng2019,"Meng, Jun; He, Tianyi; Sanganyado, Edmond; Lan, Yu; Zhang, Weiming; Han, Xiaori; Chen, Wenfu",,,,,,,,,,Biochar,,,,,,,,,,,,Development of the straw biochar returning concept in China,,,,,1,,,,,,,,,,,,,
keskinen2019,"Keskinen, Riikka; Hyväluoma, Jari; Sohlo, Lauri; Help, Hanna; Rasa, Kimmo",,,,,,,,,,Biochar,,,,,,,,,,,,Fertilizer and soil conditioner value of broiler manure biochars,,,,,1,,,,,,,,,,,,,
almeida2019,"Almeida, Risely Ferraz; Spokas, Kurt A.; de Bortoli Teixeira, Daniel; Júnior, Newton La Scala",,,,,,,,,,Biochar,,,,,,,,,,,,Biochar insights from laboratory incubations monitoring O2 consumption and CO2 production,,,,,1,,,,,,,,,,,,,
kamran2019,"Kamran, Muhammad Aqeel; Xu, Ren-Kou; Li, Jiu-yu; Jiang, Jung; Shi, Ren-Yong",,,,,,,,,,Biochar,,,,,,,,,,,,Impacts of chicken manure and peat-derived biochars and inorganic P alone or in combination on phosphorus fractionation and maize growth in an acidic ultisol,,,,,1,,,,,,,,,,,,,
nigam2019,"Nigam, Nidhi; Yadav, Vineet; Khare, Puja; Singh, Raghuvendra Pratap; Das, Paurabi; Shanker, Karuna; Sharma, Ram Suresh",,,,,,,,,,Biochar,,,,,,,,,,,,Exploring the benefits of biochar over other organic amendments for reducing of metal toxicity in Withania somnifera,,,,,1,,,,,,,,,,,,,
sandhu2019,"Sandhu, Saroop; Sekaran, Udayakumar; Ozlu, Ekrem; Hoilett, Nigel O.; Kumar, Sandeep",,,,,,,,,,Biochar,,,,,,,,,,,,"Short-term impacts of biochar and manure application on soil labile carbon fractions, enzyme activity, and microbial community structure",,,,,1,,,,,,,,,,,,,
williams2019,"Williams, Elizabeth K.; Jones, Davey L.; Sanders, Hannah R.; Benitez, Gabriel V.; Plante, Alain F.",,,,,,,,,,Biochar,,,,,,,,,,,,Effects of 7 years of field weathering on biochar recalcitrance and solubility,,,,,1,,,,,,,,,,,,,
bolster2019,"Bolster, Carl H.",,,,,,,,,,Biochar,,,,,,,,,,,,Role of sand size on bacterial retention in biochar-amended sand filters,,,,,1,,,,,,,,,,,,,
antonangelo2019,"Antonangelo, João Arthur; Zhang, Hailin; Sun, Xiao; Kumar, Ajay",,,,,,,,,,Biochar,,,,,,,,,,,,Physicochemical properties and morphology of biochars as affected by feedstock sources and pyrolysis temperatures,,,,,1,,,,,,,,,,,,,
lehmann2019,"Lehmann, Johannes",,,,,,,,,,Biochar,,,,,,,,,,,,Science-to-action through global and regional biochar networks,,,,,1,,,,,,,,,,,,,
duan2019,"Duan, Wenyan; Oleszczuk, Patryk; Pan, Bo; Xing, Baoshan",,,,,,,,,,Biochar,,,,,,,,,,,,Environmental behavior of engineered biochars and their aging processes in soil,,,,,1,,,,,,,,,,,,,
dias2019,"Dias, Yan Nunes; Souza, Edna Santos; da Costa, Hercília Samara Cardoso; Melo, Leônidas Carrijo Azevedo; Penido, Evanise Silva; do Amarante, Cristine Bastos; Teixeira, Orivan Maria Marques; Fernandes, Antonio Rodrigues",,,,,,,,,,Biochar,,,,,,,,,,,,Biochar produced from Amazonian agro-industrial wastes: properties and adsorbent potential of Cd2+ and Cu2+,,,,,1,,,,,,,,,,,,,
faloye2019,"Faloye, Oluwaseun Temitope; Ajayi, Ayodele Ebenezer; Alatise, Michael Olarewaju; Ewulo, Babatunde Sunday; Horn, Rainer",,,,,,,,,,Biochar,,,,,,,,,,,,"Nutrient uptake, maximum yield production, and economic return of maize under deficit irrigation with biochar and inorganic fertiliser amendments",,,,,1,,,,,,,,,,,,,
tayibi2019,"Tayibi, Saida; Monlau, Florian; Fayoud, Nour-elhouda; Oukarroum, Abdallah.; Zeroual, Youssef; Hannache, Hassan; Barakat, Abdellatif",,,,,,,,,,Biochar,,,,,,,,,,,,One-pot activation and pyrolysis of Moroccan Gelidium sesquipedale red macroalgae residue: production of an efficient adsorbent biochar,,,,,1,,,,,,,,,,,,,
lian2019,"Lian, Tengxiang; Ma, Ling; Zeng, Yajun; Chang, Scott X.; Li, Qibin; Chen, Xiaoyang; Nian, Hai",,,,,,,,,,Biochar,,,,,,,,,,,,Earthworm rather than biochar and sodium silicate addition increased bacterial diversity in mining areas subjected to chemical fertilization,,,,,1,,,,,,,,,,,,,
safarik2020,"Safarik, Ivo; Prochazkova, Jitka; Baldikova, Eva; Schmidt, Hans-Peter; Kwapinski, Witold; Medrik, Ivo; Jakubec, Petr; Safarikova, Mirka; Pospiskova, Kristyna",,,,,,,,,,Biochar,,,,,,,,,,,,Biochars and their magnetic derivatives as enzyme-like catalysts mimicking peroxidases,,,,,2,,,,,,,,,,,,,
gunarathne2020,"Gunarathne, Viraj; Senadeera, Athula; Gunarathne, Udaya; Biswas, Jayanta Kumar; Almaroai, Yaser A.; Vithanage, Meththika",,,,,,,,,,Biochar,,,,,,,,,,,,Potential of biochar and organic amendments for reclamation of coastal acidic-salt affected soil,,,,,2,,,,,,,,,,,,,
phillips2020,"Phillips, Claire L.; Light, Sarah E.; Lindsley, Adam; Wanzek, Thomas A.; Meyer, Kylie M.; Trippe, Kristin M.",,,,,,,,,,Biochar,,,,,,,,,,,,Preliminary evaluation of a decision support tool for biochar amendment,,,,,2,,,,,,,,,,,,,
pokharel2020,"Pokharel, Prem; Ma, Zilong; Chang, Scott X.",,,,,,,,,,Biochar,,,,,,,,,,,,Biochar increases soil microbial biomass with changes in extra- and intracellular enzyme activities: a global meta-analysis,,,,,2,,,,,,,,,,,,,
zhu2020,"Zhu, Sihang; Qu, Ting; Irshad, Muhammad Kashif; Shang, Jianying",,,,,,,,,,Biochar,,,,,,,,,,,,Simultaneous removal of Cd(II) and As(III) from co-contaminated aqueous solution by α-FeOOH modified biochar,,,,,2,,,,,,,,,,,,,
lu2020,"Lu, Lun; Yu, Wentao; Wang, Yaofeng; Zhang, Kun; Zhu, Xiaomin; Zhang, Yuecan; Wu, Yajing; Ullah, Habib; Xiao, Xin; Chen, Baoliang",,,,,,,,,,Biochar,,,,,,,,,,,,Application of biochar-based materials in environmental remediation: from multi-level structures to specific devices,,,,,2,,,,,,,,,,,,,
luo2020,"Luo, Zhuanxi; Kayiranga, Alexis; Uwiringiyimana, Ernest; Zhang, Qinghua; Yan, Changzhou; Guo, Jianhua; Xing, Baoshan",,,,,,,,,,Biochar,,,,,,,,,,,,Thallium contamination in agricultural soils and associated potential remediation via biochar utilization,,,,,2,,,,,,,,,,,,,
gopal2020,"Gopal, Murali; Gupta, Alka; Shahul Hameed, K.; Sathyaseelan, Neenu; Khadeejath Rajeela, T. H.; Thomas, George V.",,,,,,,,,,Biochar,,,,,,,,,,,,Biochars produced from coconut palm biomass residues can aid regenerative agriculture by improving soil properties and plant yield in humid tropics,,,,,2,,,,,,,,,,,,,
hu2020,"Hu, Baowei; Ai, Yuejie; Jin, Jie; Hayat, Tasawar; Alsaedi, Ahmed; Zhuang, Li; Wang, Xiangke",,,,,,,,,,Biochar,,,,,,,,,,,,Efficient elimination of organic and inorganic pollutants by biochar and biochar-based materials,,,,,2,,,,,,,,,,,,,
jesusduarte2020,"de Jesus Duarte, Sara; Glaser, Bruno; Pano, Blanca Lucia Prado; Cerri, Carlos Eduardo Pellegrino",,,,,,,,,,Biochar,,,,,,,,,,,,Biochar and sugar cane filter cake interaction on physical and hydrological soil properties under tropical field conditions,,,,,2,,,,,,,,,,,,,
pokharel2021,"Pokharel, Prem; Ma, Zilong; Chang, Scott X.",,,,,,,,,,Biochar,,,,,,,,,,,,Correction to: Biochar increases soil microbial biomass with changes in extra- and intracellular enzyme activities: a global meta-analysis,,,,,3,,,,,,,,,,,,,
sakhiya2020,"Sakhiya, Anil Kumar; Anand, Abhijeet; Kaushal, Priyanka",,,,,,,,,,Biochar,,,,,,,,,,,,"Production, activation, and applications of biochar in recent times",,,,,2,,,,,,,,,,,,,
reza2020,"Reza, Md Sumon; Afroze, Shammya; Bakar, Muhammad S. A.; Saidur, Rahman; Aslfattahi, Navid; Taweekun, Juntakan; Azad, Abul K.",,,,,,,,,,Biochar,,,,,,,,,,,,Biochar characterization of invasive Pennisetum purpureum grass: effect of pyrolysis temperature,,,,,2,,,,,,,,,,,,,
saarela2020,"Saarela, Taija; Lafdani, Elham Kakaei; Laurén, Ari; Pumpanen, Jukka; Palviainen, Marjo",,,,,,,,,,Biochar,,,,,,,,,,,,Biochar as adsorbent in purification of clear-cut forest runoff water: adsorption rate and adsorption capacity,,,,,2,,,,,,,,,,,,,
safian2020,"Safian, Mina; Motaghian, Hamidreza; Hosseinpur, Alireza",,,,,,,,,,Biochar,,,,,,,,,,,,Effects of sugarcane residue biochar and P fertilizer on P availability and its fractions in a calcareous clay loam soil,,,,,2,,,,,,,,,,,,,
park2020,"Park, Jong-Hwan; Wang, Jim J.; Park, Ki Hun; Seo, Dong-Cheol",,,,,,,,,,Biochar,,,,,,,,,,,,Heterogeneous fenton oxidation of methylene blue with Fe-impregnated biochar catalyst,,,,,2,,,,,,,,,,,,,
sigua2020,"Sigua, Gilbert C.; Novak, Jeff M.; Watts, Don W.; Myers, William T.; Ducey, Thomas F.; Stone, Kenneth C.",,,,,,,,,,Biochar,,,,,,,,,,,,Urease activity and nitrogen dynamics in highly weathered soils with designer biochars under corn cultivation,,,,,2,,,,,,,,,,,,,
thomas2020,"Thomas, Evert; Borchard, Nils; Sarmiento, Christian; Atkinson, Rachel; Ladd, Brenton",,,,,,,,,,Biochar,,,,,,,,,,,,Key factors determining biochar sorption capacity for metal contaminants: a literature synthesis,,,,,2,,,,,,,,,,,,,
jager2020,"de Jager, Megan; Röhrdanz, Michael; Giani, Luise",,,,,,,,,,Biochar,,,,,,,,,,,,The influence of hydrochar from biogas digestate on soil improvement and plant growth aspects,,,,,2,,,,,,,,,,,,,
wu2020,"Wu, Ping; Wang, Zeyu; Wang, Hailong; Bolan, Nanthi S.; Wang, Yujun; Chen, Wenfu",,,,,,,,,,Biochar,,,,,,,,,,,,Visualizing the emerging trends of biochar research and applications in 2019: a scientometric analysis and review,,,,,2,,,,,,,,,,,,,
gabhi2020,"Gabhi, Randeep; Basile, Luca; Kirk, Donald W.; Giorcelli, Mauro; Tagliaferro, Alberto; Jia, Charles Q.",,,,,,,,,,Biochar,,,,,,,,,,,,Electrical conductivity of wood biochar monoliths and its dependence on pyrolysis temperature,,,,,2,,,,,,,,,,,,,
michael2020,"Michael, Patrick S.",,,,,,,,,,Biochar,,,,,,,,,,,,Cogon grass biochar amendment and Panicum coloratum planting improve selected properties of sandy soil under humid lowland tropical climatic conditions,,,,,2,,,,,,,,,,,,,
delgado2020,"Delgado, Fermín; Gutierrez, Victoria S.; Dennehy, Mariana; Alvarez, Mariana",,,,,,,,,,Biochar,,,,,,,,,,,,Stable and efficient metal-biochar supported catalyst: degradation of model pollutants through sulfate radical-based advanced oxidation processes,,,,,2,,,,,,,,,,,,,
melaku2020,"Melaku, Tigist; Ambaw, Gebermedihin; Nigussie, Abebe; Woldekirstos, Amsalu Nebiyu; Bekele, Eshetu; Ahmed, Milkiyas",,,,,,,,,,Biochar,,,,,,,,,,,,Short-term application of biochar increases the amount of fertilizer required to obtain potential yield and reduces marginal agronomic efficiency in high phosphorus-fixing soils,,,,,2,,,,,,,,,,,,,
zhang2020,"Zhang, Peng; Min, Lujuan; Tang, Jingchun; Rafiq, Muhammad Khalid; Sun, Hongwen",,,,,,,,,,Biochar,,,,,,,,,,,,Sorption and degradation of imidacloprid and clothianidin in Chinese paddy soil and red soil amended with biochars,,,,,2,,,,,,,,,,,,,
he2020,"He, Jianzhou; Li, Yuanbo; Qi, Haonan; Li, Hui; Zhang, Wei",,,,,,,,,,Biochar,,,,,,,,,,,,Biochar amendment changed soil-bound fractions of silver nanoparticles and ions but not their uptake by radish at an environmentally-relevant concentration,,,,,2,,,,,,,,,,,,,
pathy2020,"Pathy, Abhijeet; Ray, Jyotiprakash; Paramasivan, Balasubramanian",,,,,,,,,,Biochar,,,,,,,,,,,,Biochar amendments and its impact on soil biota for sustainable agriculture,,,,,2,,,,,,,,,,,,,
hussain2020,"Hussain, Rojimul; Bordoloi, Sanandam; gupta , Piyush; Garg, Ankit; Ravi, K.; Sreedeep, S.; Sahoo, Lingaraj",,,,,,,,,,Biochar,,,,,,,,,,,,"Effect of biochar type on infiltration, water retention and desiccation crack potential of a silty sand",,,,,2,,,,,,,,,,,,,
hossain2020,"Hossain, Md Zahangir; Bahar, Md Mezbaul; Sarkar, Binoy; Donne, Scott Wilfred; Ok, Young Sik; Palansooriya, Kumuduni Niroshika; Kirkham, Mary Beth; Chowdhury, Saikat; Bolan, Nanthi",,,,,,,,,,Biochar,,,,,,,,,,,,Biochar and its importance on nutrient dynamics in soil and plant,,,,,2,,,,,,,,,,,,,
wang2020,"Wang, Yifan; Kang, Jiaming; Jiang, Simeng; Li, Hui; Ren, Zheyi; Xu, Qinbo; Jiang, Qun; Liu, Wenzhu; Li, Ruizhen; Zhang, Ying",,,,,,,,,,Biochar,,,,,,,,,,,,A composite of Ni-Fe-Zn layered double hydroxides/biochar for atrazine removal from aqueous solution,,,,,2,,,,,,,,,,,,,
ippolito2020,"Ippolito, James A.; Cui, Liqiang; Kammann, Claudia; Wrage-Mönnig, Nicole; Estavillo, Jose M.; Fuertes-Mendizabal, Teresa; Cayuela, Maria Luz; Sigua, Gilbert; Novak, Jeff; Spokas, Kurt; Borchard, Nils",,,,,,,,,,Biochar,,,,,,,,,,,,"Feedstock choice, pyrolysis temperature and type influence biochar characteristics: a comprehensive meta-data analysis review",,,,,2,,,,,,,,,,,,,
qian2020,"Qian, Zhuangzhuang; Tang, Luozhong; Zhuang, Shunyao; Zou, Yan; Fu, Delong; Chen, Xue",,,,,,,,,,Biochar,,,,,,,,,,,,Effects of biochar amendments on soil water retention characteristics of red soil at south China,,,,,2,,,,,,,,,,,,,
pradhan2020,"Pradhan, Snigdhendubala; Abdelaal, Ali H.; Mroue, Kamal; Al-Ansari, Tareq; Mackey, Hamish R.; McKay, Gordon",,,,,,,,,,Biochar,,,,,,,,,,,,Biochar from vegetable wastes: agro-environmental characterization,,,,,2,,,,,,,,,,,,,
ndoun2021,"Ndoun, Marlene C.; Elliott, Herschel A.; Preisendanz, Heather E.; Williams, Clinton F.; Knopf, Allan; Watson, John E.",,,,,,,,,,Biochar,,,,,,,,,,,,Adsorption of pharmaceuticals from aqueous solutions using biochar derived from cotton gin waste and guayule bagasse,,,,,3,,,,,,,,,,,,,
hien2021,"Hien, Tran Thi Thu; Tsubota, Toshiki; Taniguchi, Tomoyuki; Shinogi, Yoshiyuki",,,,,,,,,,Biochar,,,,,,,,,,,,Enhancing soil water holding capacity and provision of a potassium source via optimization of the pyrolysis of bamboo biochar,,,,,3,,,,,,,,,,,,,
pan2021,"Pan, Libing; Xu, Fanzhen; Mo, Huizhu; Corlett, Richard T.; Sha, Liqing",,,,,,,,,,Biochar,,,,,,,,,,,,"The potential for biochar application in rubber plantations in Xishuangbanna, Southwest China: a pot trial",,,,,3,,,,,,,,,,,,,
awan2021,"Awan, Saima; Ippolito, James A.; Ullman, J. L.; Ansari, Kamran; Cui, Liqiang; Siyal, A. A.",,,,,,,,,,Biochar,,,,,,,,,,,,Biochars reduce irrigation water sodium adsorption ratio,,,,,3,,,,,,,,,,,,,
rodriguezfranco2021,"Rodriguez-Franco, Carlos; Page-Dumroese, Deborah S.",,,,,,,,,,Biochar,,,,,,,,,,,,Woody biochar potential for abandoned mine land restoration in the U.S.: a review,,,,,3,,,,,,,,,,,,,
lian2021,"Lian, Fei; Wang, Zhenyu; Xing, Baoshan",,,,,,,,,,Biochar,,,,,,,,,,,,Nano-black carbon (biochar) released from pyrogenic carbonaceous matter as a super suspending agent in water/soil environments,,,,,3,,,,,,,,,,,,,
khadem2021,"Khadem, Allahyar; Raiesi, Fayez; Besharati, Hossein; Khalaj, Mohammad Ali",,,,,,,,,,Biochar,,,,,,,,,,,,"The effects of biochar on soil nutrients status, microbial activity and carbon sequestration potential in two calcareous soils",,,,,3,,,,,,,,,,,,,
xiong2021,"Xiong, Juan; Zhou, Mengge; Qu, Chenchen; Yu, Daohai; Chen, Chang; Wang, Mingxia; Tan, Wenfeng",,,,,,,,,,Biochar,,,,,,,,,,,,Quantitative analysis of Pb adsorption on sulfhydryl-modified biochar,,,,,3,,,,,,,,,,,,,
zhang2021,"Zhang, Muyuan; Liang, Weng; Tu, Zhineng; Li, Ronghua; Zhang, Zengqiang; Ali, Amjad; Xiao, Ran",,,,,,,,,,Biochar,,,,,,,,,,,,Succession of bacterial community during composting: dissimilarity between compost mixture and biochar additive,,,,,3,,,,,,,,,,,,,
filipinas2021,"Filipinas, Judilyn Q.; Rivera, Kim Katrina P.; Ong, Dennis C.; Pingul-Ong, Sheila Mae B.; Abarca, Ralf Ruffel M.; de Luna, Mark Daniel G.",,,,,,,,,,Biochar,,,,,,,,,,,,Removal of sodium diclofenac from aqueous solutions by rice hull biochar,,,,,3,,,,,,,,,,,,,
wang2021,"Wang, Yan; Wang, Lu; Li, Zhangtao; Yang, Dong; Xu, Jianming; Liu, Xingmei",,,,,,,,,,Biochar,,,,,,,,,,,,MgO-laden biochar enhances the immobilization of Cd/Pb in aqueous solution and contaminated soil,,,,,3,,,,,,,,,,,,,
cox2021,"Cox, Justine; Hue, Nguyen V.; Ahmad, Amjad; Kobayashi, Kent D.",,,,,,,,,,Biochar,,,,,,,,,,,,"Surface-applied or incorporated biochar and compost combination improves soil fertility, Chinese cabbage and papaya biomass",,,,,3,,,,,,,,,,,,,
lian2021a,"Lian, Fei; Wang, Zhenyu; Xing, Baoshan",,,,,,,,,,Biochar,,,,,,,,,,,,Correction to: Nano-black carbon (biochar) released from pyrogenic carbonaceous matter as a super suspending agent in water/soil environments,,,,,3,,,,,,,,,,,,,
hien2021a,"Hien, Tran Thi Thu; Tsubota, Toshiki; Taniguchi, Tomoyuki; Shinogi, Yoshiyuki",,,,,,,,,,Biochar,,,,,,,,,,,,Correction to: Enhancing soil water holding capacity and provision of a potassium source via optimization of the pyrolysis of bamboo biochar,,,,,3,,,,,,,,,,,,,
santos2021,"dos Santos, Wallace Melo; Gonzaga, Maria Isidoria Silva; da Silva, José Airon; de Almeida, André Quintão; de Jesus Santos, José Carlos; Gonzaga, Thomas Antonio Silva; da Silva Lima, Idamar; Araújo, Eloá Moura",,,,,,,,,,Biochar,,,,,,,,,,,,Effectiveness of different biochars in remediating a salt-affected Luvisol in Northeast Brazil,,,,,3,,,,,,,,,,,,,
xie2021,"Xie, Shengyu; Yu, Guangwei; Jiang, Ruqing; Ma, Jianli; Shang, Xiaofu; Wang, Gang; Wang, Yin; Yang, Yongan; Li, Chunxing",,,,,,,,,,Biochar,,,,,,,,,,,,Moderate sewage sludge biochar application on alkaline soil for corn growth: a field study,,,,,3,,,,,,,,,,,,,
li2021,"Li, Chao; Sun, Yifan; Zhang, Lijun; Wang, Changxu; Zhang, Shu; Li, Qiaoling; Xu, Leilei; Hu, Xun",,,,,,,,,,Biochar,,,,,,,,,,,,Cross-interaction of volatiles from co-pyrolysis of lignin with pig manure and their effects on properties of the resulting biochar,,,,,3,,,,,,,,,,,,,
yang2021,"Yang, Qian; Wang, Yongjie; Zhong, Huan",,,,,,,,,,Biochar,,,,,,,,,,,,Remediation of mercury-contaminated soils and sediments using biochar: a critical review,,,,,3,,,,,,,,,,,,,
zhang2021a,"Zhang, Jinyu; Tan, Zhongxin; Huang, Qiaoyun",,,,,,,,,,Biochar,,,,,,,,,,,,Study on principles and mechanisms of new biochar passivation of cadmium in soil,,,,,3,,,,,,,,,,,,,
jager2021,"de Jager, Megan; Giani, Luise",,,,,,,,,,Biochar,,,,,,,,,,,,An investigation of the effects of hydrochar application rate on soil amelioration and plant growth in three diverse soils,,,,,3,,,,,,,,,,,,,
peng2021,"Peng, Jing; Han, Xiaori; Li, Na; Chen, Kun; Yang, Jinfeng; Zhan, Xiumei; Luo, Peiyu; Liu, Ning",,,,,,,,,,Biochar,,,,,,,,,,,,Combined application of biochar with fertilizer promotes nitrogen uptake in maize by increasing nitrogen retention in soil,,,,,3,,,,,,,,,,,,,
jiao2021,"Jiao, Yuxin; Li, Dongyang; Wang, Ming; Gong, Tiancheng; Sun, Mengyang; Yang, Tianxue",,,,,,,,,,Biochar,,,,,,,,,,,,A scientometric review of biochar preparation research from 2006 to 2019,,,,,3,,,,,,,,,,,,,
rathnayake2021,"Rathnayake, Dilani; Creber, Hamish; Van Poucke, Reinhart; Sohi, Saran; Meers, Erik; Mašek, Ondřej; Ronsse, Frederik",,,,,,,,,,Biochar,,,,,,,,,,,,Biochar from sawmill residues: characterization and evaluation for its potential use in the horticultural growing media,,,,,3,,,,,,,,,,,,,
ducey2021,"Ducey, Thomas F.; Novak, Jeffrey M.; Sigua, Gilbert C.; Ippolito, James A.; Rushmiller, Hannah C.; Watts, Donald W.; Trippe, Kristin M.; Spokas, Kurt A.; Stone, Kenneth C.; Johnson, Mark G.",,,,,,,,,,Biochar,,,,,,,,,,,,Microbial response to designer biochar and compost treatments for mining impacted soils,,,,,3,,,,,,,,,,,,,
wu2021,"Wu, Yuanyuan; Hou, Pengfu; Guo, Zhi; Sun, Haijun; Li, Detian; Xue, Lihong; Feng, Yanfang; Yu, Shan; Yang, Linzhang; Xing, Baoshan",,,,,,,,,,Biochar,,,,,,,,,,,,Raw material of water-washed hydrochar was critical for the mitigation of GHGI in infertile paddy soil: a column experiment,,,,,3,,,,,,,,,,,,,
kayiranga2021,"Kayiranga, Alexis; Luo, Zhuanxi; Ndayishimiye, Jean Claude; Nkinahamira, François; Cyubahiro, Eric; Habumugisha, Theogene; Yan, Changzhou; Guo, Jianhua; Zhen, Zhuo; Tuyishimire, Alexandre; Izabayo, Hildebrand Didier",,,,,,,,,,Biochar,,,,,,,,,,,,"Insights into thallium adsorption onto the soil, bamboo-derived biochar, and biochar amended soil in Pomelo orchard",,,,,3,,,,,,,,,,,,,
nan2021,"Nan, Qiong; Xin, Liqing; Qin, Yong; Waqas, Muhammad; Wu, Weixiang",,,,,,,,,,Biochar,,,,,,,,,,,,Exploring long-term effects of biochar on mitigating methane emissions from paddy soil: a review,,,,,3,,,,,,,,,,,,,
han2021,"Han, Lanfang; Zhang, Biao; Chen, Liying; Feng, Yanfang; Yang, Yan; Sun, Ke",,,,,,,,,,Biochar,,,,,,,,,,,,Impact of biochar amendment on soil aggregation varied with incubation duration and biochar pyrolysis temperature,,,,,3,,,,,,,,,,,,,
qiu2021,"Qiu, Muqing; Hu, Baowei; Chen, Zhongshan; Yang, Hui; Zhuang, Li; Wang, Xiangke",,,,,,,,,,Biochar,,,,,,,,,,,,Challenges of organic pollutant photocatalysis by biochar-based catalysts,,,,,3,,,,,,,,,,,,,
dai2021,"Dai, Zhongmin; Xiong, Xinquan; Zhu, Hang; Xu, Haojie; Leng, Peng; Li, Jihui; Tang, C.; Xu, Jianming",,,,,,,,,,Biochar,,,,,,,,,,,,"Association of biochar properties with changes in soil bacterial, fungal and fauna communities and nutrient cycling processes",,,,,3,,,,,,,,,,,,,
bolster2021,"Bolster, Carl H.",,,,,,,,,,Biochar,,,,,,,,,,,,"Comparing unamended and Fe-coated biochar on removal efficiency of bacteria, microspheres, and dissolved phosphorus in sand filters",,,,,3,,,,,,,,,,,,,
liang2021,"Liang, Liping; Xi, Fenfen; Tan, Weishou; Meng, Xu; Hu, Baowei; Wang, Xiangke",,,,,,,,,,Biochar,,,,,,,,,,,,Review of organic and inorganic pollutants removal by biochar and biochar-based composites,,,,,3,,,,,,,,,,,,,
xiong2021a,"Xiong, Zhang; Huanhuan, Zheng; Jing, Wu; Wei, Chen; Yingquan, Chen; Gao, Xuezhi; Haiping, Yang; Hanping, Chen",,,,,,,,,,Biochar,,,,,,,,,,,,Physicochemical and adsorption properties of biochar from biomass-based pyrolytic polygeneration: effects of biomass species and temperature,,,,,3,,,,,,,,,,,,,
nyoka2021,"Nyoka, Ngitheni Winnie-Kate; Ogbeide, Ozekeke; Otomo, Patricks Voua",,,,,,,,,,Biochar,,,,,,,,,,,,Reproduction and biomarker responses of Eisenia fetida after exposure to imidacloprid in biochar-amended soil,,,,,3,,,,,,,,,,,,,
srocke2021,"Srocke, Franziska; Han, Liwen; Dutilleul, Pierre; Xiao, Xianghui; Smith, Donald L.; Mašek, Ondřej",,,,,,,,,,Biochar,,,,,,,,,,,,Synchrotron X-ray microtomography and multifractal analysis for the characterization of pore structure and distribution in softwood pellet biochar,,,,,3,,,,,,,,,,,,,
mishra2021,"Mishra, Ranjeet Kumar; Mohanty, Kaustubha",,,,,,,,,,Biochar,,,,,,,,,,,,Bio-oil and biochar production using thermal and catalytic pyrolysis of low-value waste neem seeds over low-cost catalysts: effects of operating conditions on product yields and studies of physicochemical characteristics of bio-oil and biochar,,,,,3,,,,,,,,,,,,,
cui2021,"Cui, Liqiang; Ippolito, James A.; Noerpel, Matt; Scheckel, Kirk G.; Yan, Jinlong",,,,,,,,,,Biochar,,,,,,,,,,,,Nutrient alterations following biochar application to a Cd-contaminated solution and soil,,,,,3,,,,,,,,,,,,,
li2021a,"Li, Hui; Tan, Zhongxin",,,,,,,,,,Biochar,,,,,,,,,,,,Preparation of high water-retaining biochar and its mechanism of alleviating drought stress in the soil and plant system,,,,,3,,,,,,,,,,,,,
cui2021a,"Cui, Liqiang; Li, Lianqing; Bian, Rongjun; Ippolito, James A.; Yan, Jinlong; Quan, Guixiang",,,,,,,,,,Biochar,,,,,,,,,,,,Physicochemical disintegration of biochar: a potentially important process for long-term cadmium and lead sorption,,,,,3,,,,,,,,,,,,,
ghosh2021,"Ghosh, Dipita; Maiti, Subodh Kumar",,,,,,,,,,Biochar,,,,,,,,,,,,Effect of invasive weed biochar amendment on soil enzymatic activity and respiration of coal mine spoil: a laboratory experiment study,,,,,3,,,,,,,,,,,,,
zhan2021,"Zhan, Yabin; Wei, Yuquan; Zhang, Zeyu; Zhang, A.-ke; Li, Yongbin; Li, Ji",,,,,,,,,,Biochar,,,,,,,,,,,,Effects of different C/N ratios on the maturity and microbial quantity of composting with sesame meal and rice straw biochar,,,,,3,,,,,,,,,,,,,
zhang2021b,"Zhang, Yunpeng; Zhang, Bingjie; Yu, Jingyang; Yuan, Meng; Ji, Jiawen; Lu, Huizhe; Ma, Yongqiang; Guo, Yunlong",,,,,,,,,,Biochar,,,,,,,,,,,,Functional biochar for efficient residue treatment of sulfonylurea herbicides by weak molecular interaction,,,,,3,,,,,,,,,,,,,
wang2021a,"Wang, Meng; Tafti, Negar D.; Wang, Jim J.; Wang, Xudong",,,,,,,,,,Biochar,,,,,,,,,,,,Effect of pyrolysis temperature on Si release of alkali-enhanced Si-rich biochar and plant response,,,,,3,,,,,,,,,,,,,
liu2021,"Liu, Yuling; Luo, Haiyan; Tie, Boqing; Li, Danyang; Liu, Shoutao; Lei, Ming; Du, Huihui",,,,,,,,,,Biochar,,,,,,,,,,,,The long-term effectiveness of ferromanganese biochar in soil Cd stabilization and reduction of Cd bioaccumulation in rice,,,,,3,,,,,,,,,,,,,
zhou2021,"Zhou, Huimin; Li, Xiaoying; Li, Chang; He, Lisi; Liu, Xiaoqing; Xiao, Zheng; Sun, Xiaobo; Shi, Gaoling; Su, Jiale; Chen, Junhui",,,,,,,,,,Biochar,,,,,,,,,,,,Biochar pyrolyzed at low temperature enhanced acidophilous plant growth by promoting rhizospheric microbes in a slightly alkaline urban soil,,,,,3,,,,,,,,,,,,,
thomas2021,"Thomas, Sean C.",,,,,,,,,,Biochar,,,,,,,,,,,,Post-processing of biochars to enhance plant growth responses: a review and meta-analysis,,,,,3,,,,,,,,,,,,,
kimani2021,"Kimani, Samuel Munyaka; Bimantara, Putu Oki; Kautsar, Valensi; Tawaraya, Keitaro; Cheng, Weiguo",,,,,,,,,,Biochar,,,,,,,,,,,,Poultry litter biochar application in combination with chemical fertilizer and Azolla green manure improves rice grain yield and nitrogen use efficiency in paddy soil,,,,,3,,,,,,,,,,,,,
li2021b,"Li, Yongjun; Xiong, Wenming; Wei, Xin; Qin, Junhao; Lin, Chuxia",,,,,,,,,,Biochar,,,,,,,,,,,,Transformation and immobilization of hexavalent chromium in the co-presence of biochar and organic acids: effects of biochar dose and reaction time,,,,,3,,,,,,,,,,,,,
garciajaramillo2021,"García-Jaramillo, Manuel; Meyer, Kylie M.; Phillips, Claire L.; Acosta-Martínez, Verónica; Osborne, James; Levin, Alexander D.; Trippe, Kristin M.",,,,,,,,,,Biochar,,,,,,,,,,,,"Biochar addition to vineyard soils: effects on soil functions, grape yield and wine quality",,,,,3,,,,,,,,,,,,,
fan2021,"Fan, Yuxing; Xiong, Yingying; Zhang, Yingying; Jiang, Zhangsong; Tang, Haihui; Wu, Ligui; Li, Mi; Xiao, Xiaoyu; Hu, Cui; Zou, Xiaoming",,,,,,,,,,Biochar,,,,,,,,,,,,Method to characterize color of biochar and its prediction with biochar yield as model property,,,,,3,,,,,,,,,,,,,
wu2021a,"Wu, Ping; Wang, Zeyu; Bolan, Nanthi S.; Wang, Hailong; Wang, Yujun; Chen, Wenfu",,,,,,,,,,Biochar,,,,,,,,,,,,Visualizing the development trend and research frontiers of biochar in 2020: a scientometric perspective,,,,,3,,,,,,,,,,,,,
liu2021a,"Liu, Zhongwei; Li, Xiangzhi; Sun, Zhencai; Wang, Zhimin; Li, Guitong",,,,,,,,,,Biochar,,,,,,,,,,,,Papiliotrema flavescens colonized in biochars inhibits wheat crown rot and Fusarium head blight,,,,,3,,,,,,,,,,,,,
jiang2021,"Jiang, Zhixiang; Zou, Yihui; Li, Yue; Kong, Fanlong; Yang, Dongjiang",,,,,,,,,,Biochar,,,,,,,,,,,,Environmental life cycle assessment of supercapacitor electrode production using algae derived biochar aerogel,,,,,3,,,,,,,,,,,,,
azadi2021,"Azadi, Nahid; Raiesi, Fayez",,,,,,,,,,Biochar,,,,,,,,,,,,Biochar alleviates metal toxicity and improves microbial community functions in a soil co-contaminated with cadmium and lead,,,,,3,,,,,,,,,,,,,
glaser2021,"Glaser, Bruno; Guenther, Marie; Maennicke, Heike; Bromm, Tobias",,,,,,,,,,Biochar,,,,,,,,,,,,Microwave-assisted combustion to produce benzene polycarboxylic acids as molecular markers for biochar identification and quantification,,,,,3,,,,,,,,,,,,,
wong2022,"Wong, James Tsz Fung; Chow, Ka Lai; Chen, Xun Wen; Ng, Charles Wang Wai; Wong, Ming Hung",,,,,,,,,,Biochar,,,,,,,,,,,,Effects of biochar on soil water retention curves of compacted clay during wetting and drying,,,,,4,,,,,,,,,,,,,
houssou2022,"Houssou, Assa Albert; Jeyakumar, Paramsothy; Niazi, Nabeel Khan; Van Zwieten, Lukas; Li, Xiang; Huang, Lianxi; Wei, Lan; Zheng, Xiaodong; Huang, Qing; Huang, Yufen; Huang, Xianzhi; Wang, Hailong; Liu, Zhongzhen; Huang, Zhenrui",,,,,,,,,,Biochar,,,,,,,,,,,,Biochar and soil properties limit the phytoavailability of lead and cadmium by Brassica chinensis L. in contaminated soils,,,,,4,,,,,,,,,,,,,
yuan2022,"Yuan, Jiahui; Wang, Yu; Zhao, Xu; Chen, Hao; Chen, Guanglei; Wang, Shenqiang",,,,,,,,,,Biochar,,,,,,,,,,,,Seven years of biochar amendment has a negligible effect on soil available P and a progressive effect on organic C in paddy soils,,,,,4,,,,,,,,,,,,,
li2022,"Li, Yinxue; Shang, Hongru; Cao, Yongna; Yang, Chunhui; Feng, Yujie; Yu, Yanling",,,,,,,,,,Biochar,,,,,,,,,,,,High performance removal of sulfamethoxazole using large specific area of biochar derived from corncob xylose residue,,,,,4,,,,,,,,,,,,,
sornhiran2022,"Sornhiran, Natcha; Aramrak, Surachet; Prakongkep, Nattaporn; Wisawapipat, Worachart",,,,,,,,,,Biochar,,,,,,,,,,,,Silicate minerals control the potential uses of phosphorus-laden mineral-engineered biochar as phosphorus fertilizers,,,,,4,,,,,,,,,,,,,
liang2022,"Liang, Huagen; Zhu, Chenxi; Ji, Shan; Kannan, Palanisamy; Chen, Fu",,,,,,,,,,Biochar,,,,,,,,,,,,Magnetic Fe2O3/biochar composite prepared in a molten salt medium for antibiotic removal in water,,,,,4,,,,,,,,,,,,,
praveen2022,"Praveen, Saravanan; Jegan, Josephraj; Bhagavathi Pushpa, Thillainayagam; Gokulan, Ravindiran; Bulgariu, Laura",,,,,,,,,,Biochar,,,,,,,,,,,,Biochar for removal of dyes in contaminated water: an overview,,,,,4,,,,,,,,,,,,,
li2022a,"Li, Xiang; Huang, Yufen; Liang, Xiaoliang; Huang, Lianxi; Wei, Lan; Zheng, Xiaodong; Albert, Houssou Assa; Huang, Qing; Liu, Zhongzhen; Li, Zhaojun",,,,,,,,,,Biochar,,,,,,,,,,,,Characterization of biochars from woody agricultural wastes and sorption behavior comparison of cadmium and atrazine,,,,,4,,,,,,,,,,,,,
chen2022,"Chen, Kun; Li, Na; Zhang, Shiyu; Liu, Ning; Yang, Jinfeng; Zhan, Xiumei; Han, Xiaori",,,,,,,,,,Biochar,,,,,,,,,,,,Biochar-induced changes in the soil diazotroph community abundance and structure in a peanut field trial,,,,,4,,,,,,,,,,,,,
wu2022,"Wu, Lin; Zhao, Xiaoli; Bi, Erping",,,,,,,,,,Biochar,,,,,,,,,,,,Predicting the effect of dissolved humic acid on sorption of benzotriazole to biochar,,,,,4,,,,,,,,,,,,,
beusch2022,"Beusch, Christine; Melzer, Dennis; Cierjacks, Arne; Kaupenjohann, Martin",,,,,,,,,,Biochar,,,,,,,,,,,,Amending a tropical Arenosol: increasing shares of biochar and clay improve the nutrient sorption capacity,,,,,4,,,,,,,,,,,,,
hua2022,"Hua, Li; Cheng, Taozhi; Liang, Zhiyong; Wei, Ting",,,,,,,,,,Biochar,,,,,,,,,,,,Investigation of the mechanism of phytate-modified biochar-catalyzed persulfate degradation of Ponceau 2R,,,,,4,,,,,,,,,,,,,
phillips2022,"Phillips, Claire L.; Meyer, Kylie M.; Garcia-Jaramillo, Manuel; Weidman, Clara S.; Stewart, Catherine E.; Wanzek, Thomas; Grusak, Michael A.; Watts, Donald W.; Novak, Jeff; Trippe, Kristin M.",,,,,,,,,,Biochar,,,,,,,,,,,,Towards predicting biochar impacts on plant-available soil nitrogen content,,,,,4,,,,,,,,,,,,,
singh2022,"Singh, Hardeep; Northup, Brian K.; Rice, Charles W.; Prasad, P. V. Vara",,,,,,,,,,Biochar,,,,,,,,,,,,"Biochar applications influence soil physical and chemical properties, microbial diversity, and crop productivity: a meta-analysis",,,,,4,,,,,,,,,,,,,
li2022b,"Li, Xiaogang; Cao, Yini; Xiao, Jiang; Salam, Mir Md Abdus; Chen, Guangcai",,,,,,,,,,Biochar,,,,,,,,,,,,Bamboo biochar greater enhanced Cd/Zn accumulation in Salix psammophila under non-flooded soil compared with flooded,,,,,4,,,,,,,,,,,,,
singh2022a,"Singh, Mayank; Ahsan, Mohd.; Pandey, Versha; Singh, Anupama; Mishra, Disha; Tiwari, Neerja; Singh, Pooja; Karak, Tanmoy; Khare, Puja",,,,,,,,,,Biochar,,,,,,,,,,,,Comparative assessment for removal of anionic dye from water by different waste-derived biochar vis a vis reusability of generated sludge,,,,,4,,,,,,,,,,,,,
xiao2022,"Xiao, Hongyang; Lin, Qimei; Li, Guitong; Zhao, Xiaorong; Li, Jianzhong; Li, Erzhen",,,,,,,,,,Biochar,,,,,,,,,,,,Comparison of biochar properties from 5 kinds of halophyte produced by slow pyrolysis at 500 °C,,,,,4,,,,,,,,,,,,,
wang2022,"Wang, Yang; Wang, Changxi; Xiong, Jiayi; Zhang, Qianru; Shang, Jianying",,,,,,,,,,Biochar,,,,,,,,,,,,Effects of low molecular weight organic acids on aggregation behavior of biochar colloids at acid and neutral conditions,,,,,4,,,,,,,,,,,,,
zeng2022,"Zeng, Xue-Yu; Wang, Yu; Li, Rong-Xin; Cao, Hai-Lei; Li, Ya-Feng; Lü, Jian",,,,,,,,,,Biochar,,,,,,,,,,,,Impacts of temperatures and phosphoric-acid modification to the physicochemical properties of biochar for excellent sulfadiazine adsorption,,,,,4,,,,,,,,,,,,,
azzi2022,"Azzi, Elias S.; Karltun, Erik; Sundberg, Cecilia",,,,,,,,,,Biochar,,,,,,,,,,,,"Life cycle assessment of urban uses of biochar and case study in Uppsala, Sweden",,,,,4,,,,,,,,,,,,,
kasera2022,"Kasera, Nitesh; Kolar, Praveen; Hall, Steven G.",,,,,,,,,,Biochar,,,,,,,,,,,,Nitrogen-doped biochars as adsorbents for mitigation of heavy metals and organics from water: a review,,,,,4,,,,,,,,,,,,,
qiu2022,"Qiu, Muqing; Liu, Lijie; Ling, Qian; Cai, Yawen; Yu, Shujun; Wang, Shuqin; Fu, Dong; Hu, Baowei; Wang, Xiangke",,,,,,,,,,Biochar,,,,,,,,,,,,Biochar for the removal of contaminants from soil and water: a review,,,,,4,,,,,,,,,,,,,
luo2022,"Luo, Yidan; Wang, Yonghu; Zhu, Yaowei; Xue, Mingshan; Zheng, Aofeng; Han, Yu; Yin, Zuozhu; Hong, Zhen; Xie, Chan; Li, Xibao; Lei, Sheng; Gao, Bin",,,,,,,,,,Biochar,,,,,,,,,,,,Ball-milled bismuth oxychloride/biochar nanocomposites with rich oxygen vacancies for reactive red-120 adsorption in aqueous solution,,,,,4,,,,,,,,,,,,,
kumar2022,"Kumar, Abhishek; Bhattacharya, Tanushree; Mukherjee, Santanu; Sarkar, Binoy",,,,,,,,,,Biochar,,,,,,,,,,,,A perspective on biochar for repairing damages in the soil-plant system caused by climate change-driven extreme weather events,,,,,4,,,,,,,,,,,,,
shaheen2022,"Shaheen, Sabry M.; Mosa, Ahmed; Natasha; Abdelrahman, Hamada; Niazi, Nabeel Khan; Antoniadis, Vasileios; Shahid, Muhammad; Song, Hocheol; Kwon, Eilhann E.; Rinklebe, Jörg",,,,,,,,,,Biochar,,,,,,,,,,,,Removal of toxic elements from aqueous environments using nano zero-valent iron- and iron oxide-modified biochar: a review,,,,,4,,,,,,,,,,,,,
he2022,"He, Qingshan; Li, Xiufen; Ren, Yueping",,,,,,,,,,Biochar,,,,,,,,,,,,Analysis of the simultaneous adsorption mechanism of ammonium and phosphate on magnesium-modified biochar and the slow release effect of fertiliser,,,,,4,,,,,,,,,,,,,
luo2022a,"Luo, Zifeng; Wen, Hongping; Zhang, Haotian; Li, Yunliang; Mai, Xueyi; Zhang, Yulong; Wang, Jinjin; Li, Yongtao; Zhang, Zhen",,,,,,,,,,Biochar,,,,,,,,,,,,Biogas residue biochar integrated with phosphate from its ash for the effective recovery of nutrients from piggery biogas slurry,,,,,4,,,,,,,,,,,,,
swaren2022,"Swaren, Logan; Safari, Salman; Konhauser, Kurt O.; Alessi, Daniel S.",,,,,,,,,,Biochar,,,,,,,,,,,,"Pyrolyzed biomass-derived nanoparticles: a review of surface chemistry, contaminant mobility, and future research avenues to fill the gaps",,,,,4,,,,,,,,,,,,,
wang2022a,"Wang, Zeyu; Hu, Liyong; Zhao, Min; Dai, Luyao; Hrynsphan, Dzmitry; Tatsiana, Savitskaya; Chen, Jun",,,,,,,,,,Biochar,,,,,,,,,,,,Bamboo charcoal fused with polyurethane foam for efficiently removing organic solvents from wastewater: experimental and simulation,,,,,4,,,,,,,,,,,,,
liao2022,"Liao, Jun; Xiong, Ting; Ding, Ling; Xie, Ying; Zhang, Yong; Zhu, Wenkun",,,,,,,,,,Biochar,,,,,,,,,,,,Design of a renewable hydroxyapatite-biocarbon composite for the removal of uranium(VI) with high-efficiency adsorption performance,,,,,4,,,,,,,,,,,,,
han2022,"Han, Yu; Gan, Lu; Gong, Han; Han, Jiangang; Qiao, Weichuan; Xu, Lijie",,,,,,,,,,Biochar,,,,,,,,,,,,Photoactivation of peroxymonosulfate by wood pulp cellulose biochar/g-C3N4 composite for diclofenac degradation: the radical and nonradical pathways,,,,,4,,,,,,,,,,,,,
zhao2022,"Zhao, Zhipeng; Wang, Bing; Theng, Benny K. G.; Lee, Xinqing; Zhang, Xueyang; Chen, Miao; Xu, Peng",,,,,,,,,,Biochar,,,,,,,,,,,,"Removal performance, mechanisms, and influencing factors of biochar for air pollutants: a critical review",,,,,4,,,,,,,,,,,,,
zhu2022,"Zhu, Hongxia; Liu, Xianyu; Jiang, Yuan; Lin, Daohui; Yang, Kun",,,,,,,,,,Biochar,,,,,,,,,,,,"Sorption kinetics of 1,3,5-trinitrobenzene to biochars produced at various temperatures",,,,,4,,,,,,,,,,,,,
yao2022,"Yao, Bin; Chen, Xia; Zhou, Kun; Luo, Zirui; Li, Peipei; Yang, Zihui; Zhou, Yaoyu",,,,,,,,,,Biochar,,,,,,,,,,,,p-Arsanilic acid decontamination over a wide pH range using biochar-supported manganese ferrite material as an effective persulfate catalyst: Performances and mechanisms,,,,,4,,,,,,,,,,,,,
wang2022b,"Wang, Bingyu; Shang, Cenyao; Xie, Huifang; Sun, Haijun; Zhang, Qiang; Xue, Lihong; Tack, Filip M. G.; Hou, Deyi; Feng, Yanfang; Rinklebe, Jörg",,,,,,,,,,Biochar,,,,,,,,,,,,Unraveling natural aging-induced properties change of sludge-derived hydrochar and enhanced cadmium sorption site heterogeneity,,,,,4,,,,,,,,,,,,,
gao2022,"Gao, Yurong; Fang, Zheng; Van Zwieten, Lukas; Bolan, Nanthi; Dong, Da; Quin, Bert F.; Meng, Jun; Li, Fangbai; Wu, Fengchang; Wang, Hailong; Chen, Wenfu",,,,,,,,,,Biochar,,,,,,,,,,,,A critical review of biochar-based nitrogen fertilizers and their effects on crop production and the environment,,,,,4,,,,,,,,,,,,,
chen2022a,"Chen, Hanbo; Gao, Yurong; Li, Jianhong; Sun, Chenghua; Sarkar, Binoy; Bhatnagar, Amit; Bolan, Nanthi; Yang, Xing; Meng, Jun; Liu, Zhongzhen; Hou, Hong; Wong, Jonathan W. C.; Hou, Deyi; Chen, Wenfu; Wang, Hailong",,,,,,,,,,Biochar,,,,,,,,,,,,Insights into simultaneous adsorption and oxidation of antimonite [Sb(III)] by crawfish shell-derived biochar: spectroscopic investigation and theoretical calculations,,,,,4,,,,,,,,,,,,,
yang2022,"Yang, Ruiying; Guo, Xiran; Wu, Haotian; Kang, Weizhi; Song, Kun; Li, Yaqiong; Huang, Xiubing; Wang, Ge",,,,,,,,,,Biochar,,,,,,,,,,,,Anisotropic hemp-stem-derived biochar supported phase change materials with efficient solar-thermal energy conversion and storage,,,,,4,,,,,,,,,,,,,
hui2022,"Hui, Bin; Chen, Hongjiao; Zhou, Chengfeng; Cai, Liping; Zhang, Kewei; Quan, Fengyu; Yang, Dongjiang",,,,,,,,,,Biochar,,,,,,,,,,,,Biochar aerogel-based electrocatalyst towards efficient oxygen evolution in acidic media,,,,,4,,,,,,,,,,,,,
yang2022a,"Yang, Yuheng; Chen, Tongtong; Xiao, Ran; Chen, Xinping; Zhang, Tong",,,,,,,,,,Biochar,,,,,,,,,,,,A quantitative evaluation of the biochar’s influence on plant disease suppress: a global meta-analysis,,,,,4,,,,,,,,,,,,,
li2022c,"Li, Shasha; Shao, Liming; Zhang, Hua; Lu, Xuemin; Lü, Fan; He, Pinjing",,,,,,,,,,Biochar,,,,,,,,,,,,A nanoscale observation to explain the discrepancy of electron exchange capacities between biochar containing comparable surface redox-active moieties,,,,,4,,,,,,,,,,,,,
wei2022,"Wei, Zhijun; Senbayram, Mehmet; Zhao, Xu; Li, Chenglin; Jin, Ke; Wu, Min; Rahman, M. Mizanur; Shan, Jun; Yan, Xiaoyuan",,,,,,,,,,Biochar,,,,,,,,,,,,Biochar amendment alters the partitioning of nitrate reduction by significantly enhancing DNRA in a paddy field,,,,,4,,,,,,,,,,,,,
zhao2022a,"Zhao, Qingzhou; Wang, Yanfen; Xu, Zhihong; Yun, Juanli; Yu, Zhisheng",,,,,,,,,,Biochar,,,,,,,,,,,,Unravelling how biochar and dung amendments determine the functional structure and community assembly related to methane metabolisms in grassland soils,,,,,4,,,,,,,,,,,,,
bi2022,"Bi, Ruiyu; Zhang, Qianqian; Zhan, Liping; Xu, Xintong; Zhang, Xi; Dong, Yubing; Yan, Xiaoyuan; Xiong, Zhengqin",,,,,,,,,,Biochar,,,,,,,,,,,,Biochar and organic substitution improved net ecosystem economic benefit in intensive vegetable production,,,,,4,,,,,,,,,,,,,
yang2022b,"Yang, Bowen; Dai, Jiawei; Zhao, Yuan; Wu, Jingwei; Ji, Caiya; Zhang, Yuhu",,,,,,,,,,Biochar,,,,,,,,,,,,"Advances in preparation, application in contaminant removal, and environmental risks of biochar-based catalysts: a review",,,,,4,,,,,,,,,,,,,
guo2022,"Guo, Haixin; Ogawa, Sohei; Isoda, Yukiya; Shen, Feng; Smith, Richard Lee",,,,,,,,,,Biochar,,,,,,,,,,,,Weak-acid biochar catalyst prepared from mechanochemically-activated biomass and humic acid for production of 5-hydroxymethylfurfural,,,,,4,,,,,,,,,,,,,
fang2022,"Fang, Yueru; Ali, Amjad; Gao, Yuxi; Zhao, Peng; Li, Ronghua; Li, Xianxian; Liu, Junxi; Luo, Yuan; Peng, Yaru; Wang, Hailong; Liu, Hongbin; Zhang, Zengqiang; Pan, Junting",,,,,,,,,,Biochar,,,,,,,,,,,,Preparation and characterization of MgO hybrid biochar and its mechanism for high efficient recovery of phosphorus from aqueous media,,,,,4,,,,,,,,,,,,,
liu2022,"Liu, Yong; Ma, Jie; Gao, Jiaoli; Chen, Xingyi; Ouyang, Xiaoxue; Weng, Liping; Li, Haiming; Chen, Yali; Li, Yongtao",,,,,,,,,,Biochar,,,,,,,,,,,,"Stability and interaction of biochar and iron  mineral nanoparticles: effect of pH, ionic strength, and dissolved organic matter",,,,,4,,,,,,,,,,,,,
lu2022,"Lu, Yin; Cai, Yawen; Zhang, Sai; Zhuang, Li; Hu, Baowei; Wang, Suhua; Chen, Jianrong; Wang, Xiangke",,,,,,,,,,Biochar,,,,,,,,,,,,"Application of biochar-based photocatalysts for adsorption-(photo)degradation/reduction of environmental contaminants: mechanism, challenges and perspective",,,,,4,,,,,,,,,,,,,
chen2022b,"Chen, Xiaomeng; Du, Zhuang; Liu, Dan; Wang, Liqin; Pan, Chaonan; Wei, Zimin; Jia, Liming; Zhao, Ran",,,,,,,,,,Biochar,,,,,,,,,,,,Biochar mitigates the biotoxicity of heavy metals in livestock manure during composting,,,,,4,,,,,,,,,,,,,
jager2022,"de Jager, Megan; Schröter, Frank; Wark, Michael; Giani, Luise",,,,,,,,,,Biochar,,,,,,,,,,,,The stability of carbon from a maize-derived hydrochar as a function of fractionation and hydrothermal carbonization temperature in a Podzol,,,,,4,,,,,,,,,,,,,
yan2022,"Yan, Bing; Zheng, Jiaojiao; Feng, Li; Du, Cheng; Jian, Shaoju; Yang, Weisen; Wu, Yimin A.; Jiang, Shaohua; He, Shuijian; Chen, Wei",,,,,,,,,,Biochar,,,,,,,,,,,,Wood-derived biochar as thick electrodes for high-rate performance supercapacitors,,,,,4,,,,,,,,,,,,,
sun2022,"Sun, Enhui; Zhang, Yanyang; Xiao, Qingbo; Li, Huayong; Qu, Ping; Yong, Cheng; Wang, Bingyu; Feng, Yanfang; Huang, Hongying; Yang, Linzhang; Hunter, Charles",,,,,,,,,,Biochar,,,,,,,,,,,,Formable porous biochar loaded with La-Fe(hydr)oxides/montmorillonite for efficient removal of phosphorus in wastewater: process and mechanisms,,,,,4,,,,,,,,,,,,,
chen2022c,"Chen, Hao; Yuan, Jiahui; Chen, Guanglei; Zhao, Xu; Wang, Shenqiang; Wang, Dengjun; Wang, Lei; Wang, Yujun; Wang, Yu",,,,,,,,,,Biochar,,,,,,,,,,,,Long-term biochar addition significantly decreases rice rhizosphere available phosphorus and its release risk to the environment,,,,,4,,,,,,,,,,,,,
dong2022,"Dong, Ying; Yu, Yuanchun; Wang, Ruhai; Chang, E.; Hong, Zhineng; Hua, Hui; Liu, Hui; Jiang, Jun; Xu, Renkou",,,,,,,,,,Biochar,,,,,,,,,,,,Insights on mechanisms of aluminum phytotoxicity mitigation by canola straw biochars from different regions,,,,,4,,,,,,,,,,,,,
yan2022a,"Yan, Sihua; Zhang, Shaoliang; Yan, Pengke; Aurangzeib, Muhammad",,,,,,,,,,Biochar,,,,,,,,,,,,Effect of biochar application method and amount on the soil quality and maize yield in Mollisols of Northeast China,,,,,4,,,,,,,,,,,,,
zhang2022,"Zhang, Wei; Cho, Yoora; Vithanage, Meththika; Shaheen, Sabry M.; Rinklebe, Jörg; Alessi, Daniel S.; Hou, Chia-Hung; Hashimoto, Yohey; Withana, Piumi Amasha; Ok, Yong Sik",,,,,,,,,,Biochar,,,,,,,,,,,,Arsenic removal from water and soils using pristine and modified biochars,,,,,4,,,,,,,,,,,,,
zhang2022a,"Zhang, Yuying; He, Mingjing; Wang, Lei; Yan, Jianhua; Ma, Bin; Zhu, Xiaohong; Ok, Yong Sik; Mechtcherine, Viktor; Tsang, Daniel C. W.",,,,,,,,,,Biochar,,,,,,,,,,,,Biochar as construction materials for achieving carbon neutrality,,,,,4,,,,,,,,,,,,,
leng2022,"Leng, Lijian; Yang, Lihong; Lei, Xinni; Zhang, Weijin; Ai, Zejian; Yang, Zequn; Zhan, Hao; Yang, Jianping; Yuan, Xingzhong; Peng, Haoyi; Li, Hailong",,,,,,,,,,Biochar,,,,,,,,,,,,"Machine learning predicting and engineering the yield, N content, and specific surface area of biochar derived from pyrolysis of biomass",,,,,4,,,,,,,,,,,,,
sun2022a,"Sun, Xiaojun; Fu, Hongrui; Bao, Mutai; Liu, Wei; Luo, Chengyi; Li, Yang; Li, Yiming; Lu, Jinren",,,,,,,,,,Biochar,,,,,,,,,,,,Development of a new hydrophobic magnetic biochar for removing oil spills on the water surface,,,,,4,,,,,,,,,,,,,
chen2022d,"Chen, Liang; Zhang, Yuying; Labianca, Claudia; Wang, Lei; Ruan, Shaoqin; Poon, Chi Sun; Ok, Yong Sik; Tsang‬, Daniel C. W.",,,,,,,,,,Biochar,,,,,,,,,,,,Carbon-negative cement-bonded biochar particleboards,,,,,4,,,,,,,,,,,,,
liao2022a,"Liao, Wenxi; Sifton, Melanie A.; Thomas, Sean C.",,,,,,,,,,Biochar,,,,,,,,,,,,Biochar granulation reduces substrate erosion on green roofs,,,,,4,,,,,,,,,,,,,
zhang2022b,"Zhang, Chao; Yang, Rui; Sun, Meichen; Zhang, Shicheng; He, Mingjing; Tsang, Daniel C. W.; Luo, Gang",,,,,,,,,,Biochar,,,,,,,,,,,,Wood waste biochar promoted anaerobic digestion of food waste: focusing on the characteristics of biochar and microbial community analysis,,,,,4,,,,,,,,,,,,,
zeng2022a,"Zeng, Yu; Li, Tai; Ding, Yingzhi; Fang, Guodong; Wang, Xiaolei; Ye, Bo; Ge, Liqiang; Gao, Juan; Wang, Yujun; Zhou, Dongmei",,,,,,,,,,Biochar,,,,,,,,,,,,Biochar-supported nano-scale zerovalent iron activated persulfate for remediation of aromatic hydrocarbon-contaminated  soil: an in-situ pilot-scale study,,,,,4,,,,,,,,,,,,,
yun2022,"Yun, Xiaotong; Ma, Yan; Zheng, Hao; Zhang, Yaru; Cui, Biying; Xing, Baoshan",,,,,,,,,,Biochar,,,,,,,,,,,,Pb(II) adsorption by biochar from co-pyrolysis of corn stalks and alkali-fused fly ash,,,,,4,,,,,,,,,,,,,
che2022,"Che, Naiju; Liu, Na; Li, Yinhui; Li, Chao; Liu, Yanli; Li, Chengliang",,,,,,,,,,Biochar,,,,,,,,,,,,"Three dimensional BC/rGA aerogel: preparation, characterization, and adsorption of Cr(VI)",,,,,4,,,,,,,,,,,,,
nirukshan2022,"Nirukshan, Gertrude Scynthya; Ranasinghe, Sanathanie; Sleutel, Steven",,,,,,,,,,Biochar,,,,,,,,,,,,The effect of biochar on mycorrhizal fungi mediated nutrient uptake by coconut (Cocos nucifera L.) seedlings grown on a Sandy Regosol,,,,,4,,,,,,,,,,,,,
chen2022e,"Chen, Hao; Li, Deping; Mašek, Ondřej; Zhai, Ying; Rong, Guoqiang; Xu, Xiaoyun; Cao, Xinde; Zhao, Ling",,,,,,,,,,Biochar,,,,,,,,,,,,Simultaneous dissipation of trichloroethene and arsenic from co-contaminated groundwater by coupling biodechlorination and biodetoxification with assistance of biochar,,,,,4,,,,,,,,,,,,,
jung2022,"Jung, Sungyup; Kim, Minyoung; Kim, Yong-Hyun; Lin, Kun-Yi Andrew; Chen, Wei-Hsin; Tsang, Yiu Fai; Kwon, Eilhann E.",,,,,,,,,,Biochar,,,,,,,,,,,,Use of sewage sludge biochar as a catalyst in production of biodiesel through thermally induced transesterification,,,,,4,,,,,,,,,,,,,
asiloglu2022,"Asiloglu, Rasit",,,,,,,,,,Biochar,,,,,,,,,,,,Biochar-microbe interaction: more protist research is needed,,,,,4,,,,,,,,,,,,,
karunaratne2022,"Karunaratne, Tharindu N.; Nayanathara, R. M. Oshani; Navarathna, Chanaka M.; Rodrigo, Prashan M.; Thirumalai, Rooban V. K. G.; Pittman, Charles U.; Kim, Yunsang; Mlsna, Todd; Zhang, Jilei; Zhang, Xuefeng",,,,,,,,,,Biochar,,,,,,,,,,,,Pyrolytic synthesis of graphene-encapsulated zero-valent iron nanoparticles supported on biochar for heavy metal removal,,,,,4,,,,,,,,,,,,,
yang2023,"Yang, Bowen; Dai, Jiawei; Zhao, Yuan; Wang, Zhanchao; Wu, Jingwei; Ji, Caiya; Zhang, Yuhu; Pu, Xiao",,,,,,,,,,Biochar,,,,,,,,,,,,Synergy effect between tetracycline and Cr(VI) on combined pollution systems driving biochar-templated Fe3O4@SiO2/TiO2/g-C3N4 composites for enhanced removal of pollutants,,,,,5,,,,,,,,,,,,,
zheng2023,"Zheng, Tong; Ouyang, Shaohu; Zhou, Qixing",,,,,,,,,,Biochar,,,,,,,,,,,,"Synthesis, characterization, safety design, and application of NPs@BC for contaminated soil remediation and sustainable agriculture",,,,,5,,,,,,,,,,,,,
huang2022,"Huang, Dandan; Wang, Ning; Bai, Xinyue; Chen, Yuke; Xu, Qiyong",,,,,,,,,,Biochar,,,,,,,,,,,,"The influencing mechanism of O2, H2O, and CO2 on the H2S removal of food waste digestate-derived biochar with abundant minerals",,,,,4,,,,,,,,,,,,,
li2023,"Li, Jiaxing; Li, Hongli; Xu, Haomiao; Hong, Qinyuan; Ji, Leipeng; Liu, Zhisong; Qiu, Yixiang; Huang, Wenjun; Yan, Naiqiang; Qu, Zan",,,,,,,,,,Biochar,,,,,,,,,,,,Regulated adsorption sites using atomically single cluster over biochar for efficient elemental mercury uptake,,,,,5,,,,,,,,,,,,,
jiang2023,"Jiang, Mengyuan; He, Lizhi; Niazi, Nabeel Khan; Wang, Hailong; Gustave, Williamson; Vithanage, Meththika; Geng, Kun; Shang, Hua; Zhang, Xiaokai; Wang, Zhenyu",,,,,,,,,,Biochar,,,,,,,,,,,,Nanobiochar for the remediation of contaminated soil and water: challenges and opportunities,,,,,5,,,,,,,,,,,,,
wang2023,"Wang, Zhe; Xu, Yilin; Yang, Tong; Liu, Yongqi; Zheng, Tingting; Zheng, Chunli",,,,,,,,,,Biochar,,,,,,,,,,,,"Effects of biochar carried microbial agent on compost quality, greenhouse gas emission and bacterial community during sheep manure composting",,,,,5,,,,,,,,,,,,,
wu2023,"Wu, Yupeng; Li, Qinfen; Zheng, Yong; Xiong, Xingjun; Chen, Yunfeng; Shaaban, Muhammad; Hu, Ronggui",,,,,,,,,,Biochar,,,,,,,,,,,,"Optimizing biochar addition for vermicomposting: a comprehensive evaluation of earthworms’ activity, N2O emissions and compost quality",,,,,5,,,,,,,,,,,,,
wu2023a,"Wu, Ping; Singh, Bhupinder Pal; Wang, Hailong; Jia, Zhifen; Wang, Yujun; Chen, Wenfu",,,,,,,,,,Biochar,,,,,,,,,,,,"Bibliometric analysis of biochar research in 2021: a critical review for development, hotspots and trend directions",,,,,5,,,,,,,,,,,,,
zhao2023,"Zhao, Feng; Mu, Bin; Zhang, Tenghe; Dong, Chunjuan; Zhu, Yongfeng; Zong, Li; Wang, Aiqin",,,,,,,,,,Biochar,,,,,,,,,,,,Synthesis of biochar/clay mineral nanocomposites using oil shale semi-coke waste for removal of organic pollutants,,,,,5,,,,,,,,,,,,,
xu2023,"Xu, Ao; Tian, Yuan; Chen, Guanghui; Gao, Dawen; Yu, Deshuang; Liang, Hong; Wang, Yanyan; Zhang, Qiang",,,,,,,,,,Biochar,,,,,,,,,,,,A novel strategy for a reinforced anammox process with iron-modified Enteromorpha prolifera biochar,,,,,5,,,,,,,,,,,,,
kumar2023,"Kumar, Abhishek; Bhattacharya, Tanushree; Shaikh, Wasim Akram; Roy, Arpita; Chakraborty, Sukalyan; Vithanage, Meththika; Biswas, Jayanta Kumar",,,,,,,,,,Biochar,,,,,,,,,,,,Multifaceted applications of biochar in environmental management: a bibliometric profile,,,,,5,,,,,,,,,,,,,
yang2023a,"Yang, Fang; Xue, Yanan; Gao, Yue; Zhu, Qing; Wang, Cuiping; Sun, Hongwen",,,,,,,,,,Biochar,,,,,,,,,,,,Biochar-derived dissolved organic matters influencing bacterium characteristics during biodegradation of sulfamethoxazole and chloramphenicol under alternation of visible and avoiding light,,,,,5,,,,,,,,,,,,,
ko2023,"Ko, Vivien Yoonhee; Wang, Jinsheng; He, Ian; Ryan, David; Zhang, Xiaojie; Lan, Christopher",,,,,,,,,,Biochar,,,,,,,,,,,,Adsorption of methane on biochar for emission reduction in oil and gas fields,,,,,5,,,,,,,,,,,,,
huang2023,"Huang, Junxia; Feng, Yanfang; Xie, Huifang; Wu, Ping; Wang, Minli; Wang, Bingyu; Zhang, Qiang; Zhang, Shicheng; Liu, Zhengang",,,,,,,,,,Biochar,,,,,,,,,,,,"A bibliographic study reviewing the last decade of hydrochar in environmental application: history, status quo, and trending research paths",,,,,5,,,,,,,,,,,,,
zhou2023,"Zhou, Dan; Bao, Xingyue; Chen, Zhe; Liu, Rui; Huang, Mingzheng; Xia, Yonglian; Li, Chao; Huang, Yi",,,,,,,,,,Biochar,,,,,,,,,,,,Experimental and numerical investigations of biochar-facilitated Cd2+ transport in saturated porous media: role of solution pH and ionic strength,,,,,5,,,,,,,,,,,,,
peng2023,"Peng, Yaru; Luo, Yuan; Li, Yimeng; Azeem, Muhammad; Li, Ronghua; Feng, Chuchu; Qu, Guangzhou; Ali, Esmat F.; Hamouda, Mohamed A.; Hooda, Peter S.; Rinklebe, Jörg; Smith, Ken; Zhang, Zengqiang; Shaheen, Sabry M.",,,,,,,,,,Biochar,,,,,,,,,,,,Effect of corn pre-puffing on the efficiency of MgO-engineered biochar for phosphorus recovery from livestock wastewater: mechanistic investigations and cost benefit analyses,,,,,5,,,,,,,,,,,,,
zhang2023,"Zhang, Meng; Luo, Yaqi; Zhu, Yitao; Zhang, Haiyun; Wang, Xilong; Li, Wei; Li, Pingping; Han, Jiangang",,,,,,,,,,Biochar,,,,,,,,,,,,Insights into the mechanisms underlying the biodegradation of phenanthrene in biochar-amended soil: from bioavailability to soil microbial communities,,,,,5,,,,,,,,,,,,,
feng2023,"Feng, Chuchu; Zhang, Lan; Zhang, Xiu; Li, Jingyu; Li, Yimeng; Peng, Yaru; Luo, Yuan; Li, Ronghua; Gao, Bin; Hamouda, Mohamed A.; Smith, Ken; Ali, Esmat F.; Lee, Sang Soo; Zhang, Zengqiang; Rinklebe, Jörg; Shaheen, Sabry M.",,,,,,,,,,Biochar,,,,,,,,,,,,Bio-assembled MgO-coated tea waste biochar efficiently decontaminates phosphate from water and kitchen waste fermentation liquid,,,,,5,,,,,,,,,,,,,
ajeng2023,"Ajeng, Aaronn Avit; Abdullah, Rosazlin; Ling, Tau Chuan",,,,,,,,,,Biochar,,,,,,,,,,,,Biochar-Bacillus consortium for a sustainable agriculture: physicochemical and soil stability analyses,,,,,5,,,,,,,,,,,,,
jia2023,"Jia, Xiuxiu; Zhao, Xue; Zhou, Yingtang; Li, Fan; Liu, Wen; Huang, Yimin; Zhang, Hucai; Ma, Jinxing; Hu, Guangzhi",,,,,,,,,,Biochar,,,,,,,,,,,,"Tri-functional lanthanum-based biochar for efficient phosphorus recovery, bacterial inhibition, and soil fertility enhancement",,,,,5,,,,,,,,,,,,,
zhang2023a,"Zhang, Congyu; Wang, Meng; Chen, Wei-Hsin H.; Zhang, Ying; Pétrissans, Anelie; Pétrissans, Mathieu; Ho, Shih-Hsin H.",,,,,,,,,,Biochar,,,,,,,,,,,,Superhydrophobic and superlipophilic biochar produced from microalga torrefaction and modification for upgrading fuel properties,,,,,5,,,,,,,,,,,,,
nan2023,"Nan, Qiong; Tang, Lepeng; Chi, Wenchen; Waqas, Muhammad; Wu, Weixiang",,,,,,,,,,Biochar,,,,,,,,,,,,The implication from six years of field experiment: the aging process induced lower rice production even with a high amount of biochar application,,,,,5,,,,,,,,,,,,,
wang2023a,"Wang, Yang; Lin, Qimei; Liu, Zhongzhen; Liu, Kesi; Wang, Xiang; Shang, Jianying",,,,,,,,,,Biochar,,,,,,,,,,,,Salt-affected marginal lands: a solution for biochar production,,,,,5,,,,,,,,,,,,,
xiong2023,"Xiong, Sheng; Zeng, Hao; Deng, Yaocheng; Tang, Rongdi; Wang, Jiajia; Li, Ling; Zhou, Zhanpeng; Gong, Daoxin",,,,,,,,,,Biochar,,,,,,,,,,,,Unveiling the synergistic effect of internal Fe single atoms and introduced Fe3C in Enteromorpha derived biochar with enhanced peroxymonosulfate activation property towards nitenpyram removal,,,,,5,,,,,,,,,,,,,
xu2023a,"Xu, Min; Ma, Jing; Zhang, Xiao-Hong; Yang, Gang; Long, Lu-Lu; Chen, Chao; Song, Chun; Wu, Jun; Gao, Peng; Guan, Dong-Xing",,,,,,,,,,Biochar,,,,,,,,,,,,Biochar-bacteria partnership based on microbially induced calcite precipitation improves Cd immobilization and soil function,,,,,5,,,,,,,,,,,,,
wang2023b,"Wang, Shulian; Huang, Yan; Ma, Shuanglong; Zhan, Sihui; Wang, Jingzhen; Gao, Boqiang; Tang, Xiaodan; Zhu, Qiuhui; Xu, Shengjun; Zhuang, Xuliang",,,,,,,,,,Biochar,,,,,,,,,,,,A green strategy for porous biochar fabrication with superior capacity for peroxydisulfate activation to degrade sulfadiazine: the cooperative role of C-sp3 and specific surface area,,,,,5,,,,,,,,,,,,,
wang2023c,"Wang, Hong-Rui; Zhou, Wen-Tao; Xiong, Rui; Zhong, Kang-Yu; He, Jing; Ma, Xin; Wu, Qing; Long, Pan; Fu, Zhi-Qiang",,,,,,,,,,Biochar,,,,,,,,,,,,A theoretical study of the effect and mechanism of FeN3-doped biochar for greenhouse gas mitigation,,,,,5,,,,,,,,,,,,,
zhang2023b,"Zhang, Wentao; Chen, Ronghua; Li, Jie; Huang, Tianyin; Wu, Bingdang; Ma, Jun; Wen, Qingqi; Tan, Jie; Huang, Wenguang",,,,,,,,,,Biochar,,,,,,,,,,,,Synthesis optimization and adsorption modeling of biochar for pollutant removal via machine learning,,,,,5,,,,,,,,,,,,,
ding2023,"Ding, Xinyu; Li, Guitong; Zhao, Xiaorong; Lin, Qimei; Wang, Xiang",,,,,,,,,,Biochar,,,,,,,,,,,,Biochar application significantly increases soil organic carbon under conservation tillage: an 11-year field experiment,,,,,5,,,,,,,,,,,,,
